<odoo>
    <data>
        <!-- Grupos -->
        <record id="group_ciclo_user" model="res.groups">
            <field name="name">Usuario de Ciclos Formativos</field>
        </record>
        <record id="group_ciclo_manager" model="res.groups">
            <field name="name">Gestor de Ciclos Formativos</field>
        </record>

        <!-- Reglas de acceso (Rules) -->
        <record id="rule_ciclo_user" model="ir.rule">
            <field name="name">Acceso Usuario Ciclos</field>
            <field name="model_id" ref="model_ciclo_formativo"/>
            <field name="groups" eval="[(4, ref('group_ciclo_user'))]"/>
            <field name="perm_read" eval="True"/>
            <field name="perm_write" eval="False"/>
            <field name="perm_create" eval="False"/>
            <field name="perm_unlink" eval="False"/>
        </record>

        <record id="rule_ciclo_manager" model="ir.rule">
            <field name="name">Acceso Gestor Ciclos</field>
            <field name="model_id" ref="model_ciclo_formativo"/>
            <field name="groups" eval="[(4, ref('group_ciclo_manager'))]"/>
            <field name="perm_read" eval="True"/>
            <field name="perm_write" eval="True"/>
            <field name="perm_create" eval="True"/>
            <field name="perm_unlink" eval="True"/>
        </record>
    </data>
</odoo>

