<odoo>
    <data noupdate="1">
        <record id="access_hospital_patient" model="ir.model.access">
            <field name="name">access_hospital_patient</field>
            <field name="model_id" ref="model_hospital_patient"/>
            <field name="group_id" eval="False"/>
            <field name="perm_read" eval="1"/>
            <field name="perm_write" eval="1"/>
            <field name="perm_create" eval="1"/>
            <field name="perm_unlink" eval="1"/>
        </record>

        <record id="access_hospital_doctor" model="ir.model.access">
            <field name="name">access_hospital_doctor</field>
            <field name="model_id" ref="model_hospital_doctor"/>
            <field name="group_id" eval="False"/>
            <field name="perm_read" eval="1"/>
            <field name="perm_write" eval="1"/>
            <field name="perm_create" eval="1"/>
            <field name="perm_unlink" eval="1"/>
        </record>

        <record id="access_hospital_medical_visit" model="ir.model.access">
            <field name="name">access_hospital_medical_visit</field>
            <field name="model_id" ref="model_hospital_medical_visit"/>
            <field name="group_id" eval="False"/>
            <field name="perm_read" eval="1"/>
            <field name="perm_write" eval="1"/>
            <field name="perm_create" eval="1"/>
            <field name="perm_unlink" eval="1"/>
        </record>
    </data>
</odoo>

